,a,b,a0_mond,distance_from_sparc
EAGLE,-16.320850780627705,-66.72481158867282,2.9806590701662295e-10,0.9542254950220123
IllustrisTNG,-16.480304697222653,-67.57877690868057,1.3280857662922767e-10,0.7772981532264772
FIRE-2,-16.879394564222466,-71.12777882923055,1.1934515490641246e-10,0.24323818196328761
MassiveBlack-II,-18.72051487824983,-88.90360766276494,3.4721869733180513e-10,2.3162979548768656
Baryonification,-16.912026723692716,-71.5139055685739,1.5445808258272526e-10,0.19340837032942382
SPARC,-17.0625637903505,-72.72821151336515,9.682033986286243e-11,0.0
