model,a0_true,a0_recovered,ratio,loss,equation,pysr_model
MOND Simple,1.2e-10,1.5634173634318144e-10,1.3028478028598454,0.552326,x0,"PySRRegressor.equations_ = [
	   pick     score  ...      loss  complexity
	0        0.000000  ...  0.552326           1
	1        0.543739  ...  0.186170           3
	2        1.282746  ...  0.014313           5
	3        0.000449  ...  0.014300           7
	4        0.000171  ...  0.014295           9
	5        0.002345  ...  0.014262          10
	6        0.000726  ...  0.014241          12
	7  >>>>  0.003429  ...  0.014192          13
	
	[8 rows x 5 columns]
]"
MOND McGaugh,1.2e-10,1.2202859100740444e-10,1.0169049250617037,0.541654,x0,"PySRRegressor.equations_ = [
	    pick         score  ...      loss  complexity
	0         0.000000e+00  ...  0.541654           1
	1         5.189840e-01  ...  0.191840           3
	2         1.299487e+00  ...  0.014263           5
	3         2.407130e-06  ...  0.014263           8
	4         4.690524e-05  ...  0.014262           9
	5         1.817817e-03  ...  0.014237          10
	6         4.061463e-03  ...  0.014179          11
	7         7.334919e-06  ...  0.014179          13
	8         9.874012e-07  ...  0.014179          15
	9         2.256924e-06  ...  0.014179          17
	10        1.819666e-05  ...  0.014178          18
	11  >>>>  8.979317e-05  ...  0.014176          20
	
	[12 rows x 5 columns]
]"
MOND Standard,1.2e-10,1.1510268422557239e-10,0.9591890352131033,0.5158407,x0,"PySRRegressor.equations_ = [
	   pick     score  ...      loss  complexity
	0        0.000000  ...  0.515841           1
	1        0.449567  ...  0.209907           3
	2        1.258136  ...  0.016952           5
	3        0.026626  ...  0.016073           7
	4        0.003770  ...  0.015714          13
	5        0.007246  ...  0.015600          14
	6  >>>>  0.000026  ...  0.015599          16
	
	[7 rows x 5 columns]
]"
