n_all,n_boot_std,sigma_mond,n_dm,rms_all,rms_dm
3.0952566892098483,0.10391901201783733,8.706234722813335,3.1097977748684054,0.30856083719706273,0.30788488765896393
