log_gbar,log_gobs
-1.143296079582219704e+01,-1.093687002875301140e+01
-1.125793547997118260e+01,-1.079936244686702373e+01
-1.108932689895667600e+01,-1.049622326404276507e+01
-1.093295023491057627e+01,-1.033681468847562712e+01
-1.075269679552877911e+01,-1.005450218740288904e+01
-1.061568648759730493e+01,-9.858633752843523723e+00
-1.039188313109573514e+01,-9.503120584759544798e+00
-1.027137636430573586e+01,-9.385475544908146617e+00
